{"cameraMode":{"drawMode":0,"name":"Shaded","section":"Shading Mode"},"sceneLighting":true,"audioPlay":false,"sceneViewState":{"m_AlwaysRefresh":false,"showFog":true,"showSkybox":true,"showFlares":true,"showImageEffects":true,"showParticleSystems":true,"showVisualEffectGraphs":true,"m_FxEnabled":true},"in2DMode":false,"pivot":{"x":6.943321228027344,"y":4.1792144775390629,"z":0.7109060883522034},"rotation":{"x":0.09221615642309189,"y":-0.5333845019340515,"z":0.058639418333768848,"w":0.8387874364852905},"size":0.9789484143257141,"orthographic":false}